IMG_0167,0
IMG_0193,0
IMG_0441,0
IMG_0493,0
IMG_0806,0
IMG_1244,1
IMG_0070,9
IMG_0103,12
IMG_0108,12
IMG_0128,12
IMG_0370,12
IMG_0371,12
IMG_0407,12
IMG_0734,8
IMG_0922,11
IMG_0924,9
IMG_1184,9
IMG_1192,5
IMG_1316,12
IMG_1343,2
IMG_1344,10
IMG_1357,9
IMG_1704,12
IMG_1742,12
IMG_1747,8
IMG_0276,5
IMG_0324,2
IMG_0464,0
IMG_0474,0
IMG_0484,0
IMG_0508,0
IMG_0785,9
IMG_0790,3
IMG_0830,0
IMG_0831,0
IMG_0873,0
IMG_0998,6
IMG_1205,9
IMG_1239,0
IMG_1283,7
IMG_1524,11
IMG_1570,7
IMG_20200211_113612,3
IMG_0068,11
IMG_0106,12
IMG_0330,10
IMG_0696,12
IMG_1124,12
IMG_1183,12
IMG_1743,12
IMG_0169,1
IMG_0174,0
IMG_0233,9
IMG_0258,1
IMG_0268,2
IMG_0297,1
IMG_1246,11
IMG_1522,12
IMG_1652,8
IMG_1680,8
IMG_0127,12
IMG_0342,12
IMG_0373,12
IMG_0386,12
IMG_0668,12
IMG_0713,12
IMG_0736,12
IMG_0737,12
IMG_0756,12
IMG_1384,11
IMG_1388,12
IMG_1400,11
IMG_1401,12
IMG_20200211_111735,12
IMG_20200211_112215,12
IMG_0162,1
IMG_0170,2
IMG_0245,2
IMG_0253,4
IMG_0309,4
IMG_0463,0
IMG_1264,2
IMG_1286,7
IMG_1517,11
IMG_20200211_114309_10,0
IMG_0083,12
IMG_0088,12
IMG_0094,12
IMG_0122,12
IMG_0339,12
IMG_0382,12
IMG_0390,9
IMG_0396,8
IMG_0527,11
IMG_0530,12
IMG_0760,12
IMG_0963,11
IMG_1368,12
IMG_1696,12
IMG_1731,8
IMG_0152,0
IMG_0185,0
IMG_0269,0
IMG_0432,1
IMG_0468,0
IMG_0470,0
IMG_1290,7
IMG_1521,11
IMG_1546,3
IMG_1561,0
IMG_1592,4
IMG_1637,6
IMG_0078,12
IMG_0391,9
IMG_0393,9
IMG_0879,12
IMG_0884,12
IMG_1188,11
IMG_1338,12
IMG_1359,12
IMG_1365,12
IMG_1466,12
IMG_1772,12
IMG_20200211_110400,11
IMG_20200211_111056,11
IMG_0191,4
IMG_0270,7
IMG_0435,2
IMG_1222,12
IMG_1243,10
IMG_1263,4
IMG_1280,11
IMG_20200211_113020,3
IMG_0080,12
IMG_0116,12
IMG_0124,12
IMG_0361,12
IMG_0400,12
IMG_0528,12
IMG_0667,12
IMG_0717,11
IMG_0882,12
IMG_0921,11
IMG_1185,12
IMG_1337,11
IMG_1463,12
IMG_1713,12
IMG_1751,12
IMG_1779,12
IMG_20200211_110350,12
IMG_0259,0
IMG_0433,0
IMG_0482,0
IMG_0516,0
IMG_0869,0
IMG_0999,4
IMG_1217,3
IMG_1523,12
IMG_1675,4
IMG_1679,8
IMG_20200211_113011,0
IMG_20200211_114701,0
IMG_0075,12
IMG_0079,12
IMG_0100,12
IMG_0111,12
IMG_0352,12
IMG_0368,12
IMG_0375,12
IMG_0404,12
IMG_0406,12
IMG_0966,12
IMG_1100,10
IMG_1720,10
IMG_20200211_111110,11
IMG_0182,0
IMG_0241,4
IMG_0244,1
IMG_0278,4
IMG_0445,0
IMG_1519,7
IMG_1527,8
IMG_1589,9
IMG_1632,6
IMG_20200211_113947,0
IMG_20200211_114309_1,0
IMG_20200211_114309_5,0
IMG_0328,12
IMG_0329,12
IMG_0369,12
IMG_0388,8
IMG_0944,12
IMG_1106,11
IMG_1171,12
IMG_1739,10
IMG_1756,1
IMG_1768,12
IMG_1773,12
IMG_1775,12
IMG_20200211_111807,12
IMG_0196,4
IMG_0264,6
IMG_0446,0
IMG_0871,0
IMG_0979,3
IMG_1569,4
IMG_1677,5
IMG_20200211_114652,0
IMG_0073,12
IMG_0115,12
IMG_0119,12
IMG_0134,12
IMG_0337,12
IMG_0367,11
IMG_0383,12
IMG_0387,12
IMG_0398,12
IMG_0965,7
IMG_0968,12
IMG_1103,12
IMG_1145,2
IMG_1168,7
IMG_1702,7
IMG_20200211_105855,12
IMG_20200211_111254,12
IMG_0155,2
IMG_0192,0
IMG_0227,1
IMG_0255,0
IMG_0289,4
IMG_0315,1
IMG_0438,0
IMG_0440,0
IMG_0478,0
IMG_0501,0
IMG_0833,0
IMG_1025,9
IMG_1201,9
IMG_1542,11
IMG_1567,7
IMG_0084,12
IMG_0347,12
IMG_0401,11
IMG_0945,12
IMG_1165,12
IMG_1465,9
IMG_1701,5
IMG_1760,1
IMG_1761,2
IMG_1765,3
IMG_0212,1
IMG_0254,4
IMG_0316,6
IMG_0483,0
IMG_0488,0
IMG_0503,0
IMG_1004,1
IMG_1203,8
IMG_1284,7
IMG_1289,4
IMG_1588,7
IMG_0065,12
IMG_0107,12
IMG_0121,12
IMG_0332,12
IMG_0529,12
IMG_0670,12
IMG_0693,11
IMG_0710,9
IMG_0715,5
IMG_1128,12
IMG_1355,11
IMG_1364,12
IMG_1709,11
IMG_1722,12
IMG_0153,0
IMG_0238,11
IMG_0497,7
IMG_0522,0
IMG_1287,10
IMG_1612,9
IMG_1634,10
IMG_1661,9
IMG_20200211_113923,0
IMG_20200211_114309_4,0
IMG_0374,12
IMG_0376,12
IMG_0381,12
IMG_0399,12
IMG_0690,12
IMG_0733,12
IMG_0905,12
IMG_1167,12
IMG_1429,12
IMG_1698,12
IMG_1711,11
IMG_1725,10
IMG_1741,12
IMG_1788,12
IMG_20200211_112220,12
IMG_0218,0
IMG_0265,3
IMG_0267,0
IMG_0283,0
IMG_0426,1
IMG_0807,0
IMG_0872,0
IMG_1045,1
IMG_1500,9
IMG_1607,6
IMG_1611,7
IMG_1614,6
IMG_20200211_113911,2
IMG_20200211_114624,0
IMG_0095,12
IMG_0102,12
IMG_0135,12
IMG_0364,11
IMG_0365,12
IMG_0385,12
IMG_0674,12
IMG_1186,12
IMG_1484,11
IMG_20200211_110354,12
IMG_20200211_112209,12
IMG_0187,0
IMG_0190,4
IMG_0234,2
IMG_0284,0
IMG_0300,2
IMG_0313,7
IMG_1220,11
IMG_1266,4
IMG_1658,3
IMG_20200211_114309,0
IMG_20200211_114309_0,4
IMG_0101,12
IMG_0350,12
IMG_0392,12
IMG_0900,12
IMG_1104,12
IMG_1107,12
IMG_1148,12
IMG_1170,12
IMG_1189,12
IMG_1445,12
IMG_1693,12
IMG_1767,10
IMG_1786,11
IMG_20200211_111802,12
IMG_0189,1
IMG_0456,0
IMG_0460,4
IMG_0481,1
IMG_0512,0
IMG_1024,4
IMG_1043,0
IMG_1064,5
IMG_1241,4
IMG_1633,8
IMG_0082,12
IMG_0118,12
IMG_0336,12
IMG_0338,12
IMG_0925,8
IMG_1146,12
IMG_1147,10
IMG_1335,12
IMG_1362,12
IMG_1430,12
IMG_1487,11
IMG_1700,12
IMG_1705,12
IMG_1719,12
IMG_1753,12
IMG_0158,0
IMG_0172,0
IMG_0240,0
IMG_0248,2
IMG_0260,1
IMG_0262,2
IMG_0295,2
IMG_0479,1
IMG_0874,0
IMG_1003,0
IMG_1242,1
IMG_20200211_113953,1
IMG_0067,12
IMG_0126,11
IMG_0356,12
IMG_0739,11
IMG_0753,11
IMG_0903,12
IMG_1191,8
IMG_1318,11
IMG_1361,11
IMG_1408,10
IMG_1464,12
IMG_1694,6
IMG_1745,11
IMG_0156,0
IMG_0251,0
IMG_0257,0
IMG_0286,5
IMG_0466,0
IMG_0494,0
IMG_0509,1
IMG_0827,0
IMG_0849,0
IMG_1065,7
IMG_1218,4
IMG_1613,4
IMG_1656,1
IMG_1674,1
IMG_0071,12
IMG_0104,12
IMG_0109,12
IMG_0331,12
IMG_0692,8
IMG_0755,6
IMG_0947,12
IMG_1322,12
IMG_1407,11
IMG_20200211_105529,12
IMG_20200211_110248,12
IMG_0256,0
IMG_0423,0
IMG_0459,0
IMG_0462,0
IMG_0465,0
IMG_0475,0
IMG_0513,0
IMG_0525,1
IMG_0852,2
IMG_0980,3
IMG_1067,0
IMG_1226,2
IMG_1281,7
IMG_1608,0
IMG_1654,0
IMG_0098,12
IMG_0357,12
IMG_0358,9
IMG_0673,12
IMG_1314,9
IMG_1406,11
IMG_1749,0
IMG_1754,1
IMG_1780,9
IMG_20200211_111049,11
IMG_0179,2
IMG_0199,0
IMG_0261,0
IMG_0290,0
IMG_0448,0
IMG_0452,0
IMG_0829,0
IMG_1197,11
IMG_1240,2
IMG_0086,12
IMG_0089,12
IMG_0097,12
IMG_0138,12
IMG_0349,12
IMG_0372,12
IMG_0379,12
IMG_0757,12
IMG_0881,12
IMG_1150,12
IMG_1162,12
IMG_1193,9
IMG_1320,11
IMG_1734,10
IMG_1744,12
IMG_20200211_110316,12
IMG_0163,10
IMG_0176,7
IMG_0242,7
IMG_0304,6
IMG_0473,2
IMG_0498,3
IMG_0500,1
IMG_0504,6
IMG_0832,0
IMG_0847,0
IMG_0870,0
IMG_1260,7
IMG_1518,11
IMG_1564,12
IMG_1617,11
IMG_0125,12
IMG_0131,12
IMG_0758,6
IMG_0943,11
IMG_0964,10
IMG_1105,12
IMG_1121,12
IMG_1151,12
IMG_1341,12
IMG_1770,12
IMG_0161,3
IMG_0178,4
IMG_0183,7
IMG_0213,2
IMG_0314,7
IMG_0425,6
IMG_0439,0
IMG_0477,0
IMG_0496,0
IMG_0517,5
IMG_0787,11
IMG_0812,0
IMG_1204,12
IMG_1498,9
IMG_20200211_114309_7,0
IMG_0092,12
IMG_0113,12
IMG_0117,12
IMG_1144,12
IMG_1366,12
IMG_1404,12
IMG_1707,12
IMG_1714,10
IMG_1735,12
IMG_1736,12
IMG_0159,0
IMG_0208,2
IMG_0321,4
IMG_0427,3
IMG_0430,0
IMG_0982,5
IMG_1196,11
IMG_1202,5
IMG_1497,11
IMG_1635,8
IMG_20200211_113024,1
IMG_0130,12
IMG_0334,12
IMG_0343,12
IMG_0351,12
IMG_1108,12
IMG_1163,12
IMG_1405,11
IMG_1410,9
IMG_1433,12
IMG_1692,12
IMG_1697,12
IMG_1712,10
IMG_1726,12
IMG_20200211_105848,12
IMG_0215,0
IMG_0247,2
IMG_0292,1
IMG_0319,8
IMG_0429,0
IMG_0467,0
IMG_0469,0
IMG_0499,0
IMG_0518,2
IMG_0978,7
IMG_1001,9
IMG_1265,7
IMG_0076,12
IMG_0099,12
IMG_0333,12
IMG_0340,12
IMG_0738,12
IMG_0754,12
IMG_0880,12
IMG_1143,11
IMG_1434,12
IMG_1708,12
IMG_1759,11
IMG_1771,12
IMG_20200211_111116,12
IMG_0250,0
IMG_0434,0
IMG_0458,0
IMG_0486,0
IMG_0489,0
IMG_0828,0
IMG_1219,3
IMG_1238,5
IMG_1268,6
IMG_1499,6
IMG_1610,6
IMG_20200211_114309_9,0
IMG_0064,11
IMG_0072,5
IMG_0137,12
IMG_0378,12
IMG_0688,9
IMG_0694,10
IMG_0732,12
IMG_1339,12
IMG_1386,12
IMG_1717,9
IMG_1723,10
IMG_1757,0
IMG_20200211_110327,12
IMG_0171,4
IMG_0263,8
IMG_0312,3
IMG_0317,10
IMG_0461,0
IMG_0506,0
IMG_0520,0
IMG_0789,4
IMG_0981,3
IMG_1544,1
IMG_1591,3
IMG_20200211_113918,0
IMG_0063,11
IMG_0085,12
IMG_0711,4
IMG_1166,10
IMG_1321,11
IMG_1323,12
IMG_1431,11
IMG_1695,3
IMG_1727,9
IMG_1729,1
IMG_1738,7
IMG_1764,5
IMG_20200211_112205,12
IMG_0175,6
IMG_0206,0
IMG_0232,2
IMG_0243,0
IMG_0282,12
IMG_0322,4
IMG_0436,0
IMG_0457,0
IMG_0510,5
IMG_1568,4
IMG_20200211_113007,5
IMG_20200211_114309_3,0
IMG_0112,11
IMG_0403,12
IMG_0671,12
IMG_0695,12
IMG_0926,11
IMG_1127,12
IMG_1164,12
IMG_1360,12
IMG_1367,12
IMG_1691,12
IMG_1766,12
IMG_20200211_105536,12
IMG_20200211_111814,12
IMG_0214,0
IMG_0216,0
IMG_0231,5
IMG_0239,2
IMG_0272,1
IMG_0277,1
IMG_0288,6
IMG_0490,0
IMG_0521,1
IMG_0808,0
IMG_0977,6
IMG_1020,3
IMG_1062,6
IMG_1285,8
IMG_1543,4
IMG_20200211_113624,0
IMG_0081,12
IMG_0362,5
IMG_0363,12
IMG_0389,10
IMG_0402,12
IMG_0716,6
IMG_1190,12
IMG_1432,12
IMG_1755,2
IMG_0168,0
IMG_0195,0
IMG_0200,6
IMG_0249,0
IMG_0275,8
IMG_0428,0
IMG_0442,0
IMG_0451,0
IMG_0453,0
IMG_0492,0
IMG_0791,2
IMG_0875,0
IMG_1063,4
IMG_1563,6
IMG_0096,12
IMG_0714,3
IMG_0902,12
IMG_0967,12
IMG_1317,12
IMG_1462,12
IMG_1483,12
IMG_1769,12
IMG_1776,11
IMG_1787,11
IMG_20200211_112153,12
IMG_0184,2
IMG_0210,1
IMG_0271,6
IMG_0287,5
IMG_0471,1
IMG_0868,2
IMG_1021,7
IMG_1247,9
IMG_1541,12
IMG_1609,10
IMG_20200211_114619,0
IMG_0074,12
IMG_0120,12
IMG_0394,12
IMG_0735,12
IMG_1122,12
IMG_1172,12
IMG_1409,11
IMG_1411,12
IMG_1413,12
IMG_1699,12
IMG_1716,12
IMG_1718,12
IMG_1752,12
IMG_1791,12
IMG_0173,3
IMG_0226,5
IMG_0228,0
IMG_0291,3
IMG_0431,8
IMG_0511,11
IMG_0786,0
IMG_0809,0
IMG_0811,0
IMG_0853,0
IMG_1199,8
IMG_1662,7
IMG_20200211_113003,9
IMG_20200211_113927,3
IMG_20200211_114322,2
IMG_0942,12
IMG_1142,11
IMG_1187,11
IMG_1334,12
IMG_1389,12
IMG_1403,11
IMG_1710,11
IMG_1746,7
IMG_1784,12
IMG_20200211_105545,12
IMG_0157,0
IMG_0194,0
IMG_0217,0
IMG_0447,0
IMG_0487,0
IMG_0507,0
IMG_0523,0
IMG_0851,0
IMG_1225,2
IMG_1267,3
IMG_1496,4
IMG_1565,0
IMG_20200211_114309_6,0
IMG_0129,12
IMG_0136,10
IMG_1099,11
IMG_1358,12
IMG_1402,8
IMG_1689,8
IMG_1715,11
IMG_1732,11
IMG_1774,11
IMG_1777,8
IMG_1783,10
IMG_20200211_111821,10
IMG_0204,1
IMG_0235,0
IMG_0266,2
IMG_0279,0
IMG_0306,8
IMG_0325,2
IMG_0450,0
IMG_0476,0
IMG_0480,0
IMG_0515,1
IMG_0826,0
IMG_0854,0
IMG_1288,8
IMG_1526,12
IMG_1590,3
IMG_1673,7
IMG_0066,12
IMG_0341,12
IMG_0689,12
IMG_0759,12
IMG_1319,12
IMG_1721,12
IMG_1737,11
IMG_1778,12
IMG_1790,8
IMG_0164,3
IMG_0177,1
IMG_0197,7
IMG_0201,1
IMG_0502,0
IMG_1046,1
IMG_1248,10
IMG_1545,5
IMG_1566,0
IMG_1616,11
IMG_1655,10
IMG_0077,12
IMG_0087,12
IMG_0133,12
IMG_0345,12
IMG_0355,12
IMG_0397,11
IMG_0883,12
IMG_1315,12
IMG_1412,12
IMG_1488,12
IMG_1728,12
IMG_1750,12
IMG_1785,12
IMG_1793,12
IMG_0203,10
IMG_0281,7
IMG_0320,5
IMG_0437,5
IMG_0443,0
IMG_0444,2
IMG_0495,2
IMG_0784,3
IMG_0810,0
IMG_1022,4
IMG_1224,10
IMG_1245,4
IMG_0091,12
IMG_0132,12
IMG_0366,12
IMG_0380,12
IMG_1101,11
IMG_1149,11
IMG_1313,12
IMG_1387,12
IMG_1703,12
IMG_1730,12
IMG_1733,12
IMG_1740,11
IMG_20200211_111743,12
IMG_0186,4
IMG_0274,12
IMG_0280,0
IMG_0296,0
IMG_0308,4
IMG_0311,6
IMG_0424,2
IMG_0454,0
IMG_1002,5
IMG_1044,0
IMG_1066,0
IMG_1571,5
IMG_1653,7
IMG_1659,0
IMG_1682,8
IMG_20200211_113617,0
IMG_0093,12
IMG_0335,12
IMG_0901,12
IMG_1102,10
IMG_1385,7
IMG_1446,12
IMG_1485,11
IMG_1781,11
IMG_20200211_111300,12
IMG_0165,11
IMG_0209,9
IMG_0229,5
IMG_0237,11
IMG_0310,10
IMG_0318,11
IMG_1041,7
IMG_1269,10
IMG_1501,11
IMG_1587,12
IMG_20200211_113724,1
IMG_20200211_114309_11,1
IMG_20200211_114309_2,0
IMG_0110,12
IMG_0123,12
IMG_0344,12
IMG_0353,12
IMG_0354,12
IMG_0359,12
IMG_0395,12
IMG_1120,12
IMG_1129,12
IMG_1486,12
IMG_1690,12
IMG_1763,9
IMG_0188,9
IMG_0246,1
IMG_0302,2
IMG_0305,5
IMG_0455,0
IMG_0491,0
IMG_0505,4
IMG_0514,0
IMG_0850,0
IMG_1200,10
IMG_1221,12
IMG_1223,10
IMG_1262,9
IMG_1525,10
IMG_1660,5
IMG_20200211_114614,0
IMG_0384,12
IMG_1126,12
IMG_1141,11
IMG_1336,12
IMG_1340,11
IMG_1342,11
IMG_1724,12
IMG_1762,12
IMG_1789,12
IMG_0166,1
IMG_0180,0
IMG_0198,2
IMG_0207,2
IMG_0293,2
IMG_0298,2
IMG_0307,8
IMG_0323,6
IMG_0326,7
IMG_0472,2
IMG_0805,1
IMG_1259,12
IMG_1261,11
IMG_1562,8
IMG_1681,11
IMG_0090,12
IMG_0348,12
IMG_0531,12
IMG_1123,12
IMG_1130,12
IMG_1169,12
IMG_1356,12
IMG_1363,12
IMG_20200211_105851,12
IMG_20200211_110321,12
IMG_0154,2
IMG_0205,0
IMG_0303,2
IMG_0485,0
IMG_0788,5
IMG_1042,9
IMG_1198,10
IMG_1282,8
IMG_1520,12
IMG_1615,12
IMG_1657,10
IMG_20200211_114303,8
IMG_20200211_114309_8,0
IMG_20200211_114327,0
IMG_0105,12
IMG_0114,12
IMG_0360,12
IMG_0377,12
IMG_0405,12
IMG_0672,12
IMG_0946,12
IMG_1467,11
IMG_1792,12
IMG_20200211_111101,12
IMG_20200211_111233,12
IMG_0211,4
IMG_0285,1
IMG_0299,3
IMG_0301,3
IMG_0449,0
IMG_0848,2
IMG_1023,2
IMG_1636,11
IMG_1678,12
IMG_20200211_113621,1
IMG_20200211_114628,0
IMG_20200211_114724,0
IMG_0346,12
IMG_0669,12
IMG_0712,12
IMG_0904,12
IMG_0923,12
IMG_1125,12
IMG_1706,12
IMG_1748,12
IMG_1758,10
IMG_1782,12
IMG_20200211_105557,12
IMG_20200211_105902,12
IMG_20200211_111229,12
